"chrom"	"arm"	"start_pos"	"end_pos"	"length"
"chr1"	"p"	0	123400000	123400000
"chr1"	"q"	123400000	248956422	125556422
"chr10"	"p"	0	39800000	39800000
"chr10"	"q"	39800000	133797422	93997422
"chr10_GL383545v1_alt"	NA	0	179254	179254
"chr10_GL383546v1_alt"	NA	0	309802	309802
"chr10_KI270824v1_alt"	NA	0	181496	181496
"chr10_KI270825v1_alt"	NA	0	188315	188315
"chr10_KN196480v1_fix"	NA	0	277797	277797
"chr10_KN538365v1_fix"	NA	0	14347	14347
"chr10_KN538366v1_fix"	NA	0	85284	85284
"chr10_KN538367v1_fix"	NA	0	420164	420164
"chr10_KQ090020v1_alt"	NA	0	185507	185507
"chr10_KQ090021v1_fix"	NA	0	264545	264545
"chr10_ML143354v1_fix"	NA	0	454963	454963
"chr10_ML143355v1_fix"	NA	0	292944	292944
"chr10_MU273367v1_fix"	NA	0	196262	196262
"chr11"	"p"	0	53400000	53400000
"chr11"	"q"	53400000	135086622	81686622
"chr11_GL383547v1_alt"	NA	0	154407	154407
"chr11_JH159136v1_alt"	NA	0	200998	200998
"chr11_JH159137v1_alt"	NA	0	191409	191409
"chr11_KI270721v1_random"	NA	0	100316	100316
"chr11_KI270826v1_alt"	NA	0	186169	186169
"chr11_KI270827v1_alt"	NA	0	67707	67707
"chr11_KI270829v1_alt"	NA	0	204059	204059
"chr11_KI270830v1_alt"	NA	0	177092	177092
"chr11_KI270831v1_alt"	NA	0	296895	296895
"chr11_KI270832v1_alt"	NA	0	210133	210133
"chr11_KI270902v1_alt"	NA	0	106711	106711
"chr11_KI270903v1_alt"	NA	0	214625	214625
"chr11_KI270927v1_alt"	NA	0	218612	218612
"chr11_KN196481v1_fix"	NA	0	108875	108875
"chr11_KN538368v1_alt"	NA	0	203552	203552
"chr11_KQ090022v1_fix"	NA	0	181958	181958
"chr11_KQ759759v1_fix"	NA	0	196940	196940
"chr11_KQ759759v2_fix"	NA	0	204999	204999
"chr11_KV766195v1_fix"	NA	0	140877	140877
"chr11_KZ559108v1_fix"	NA	0	305244	305244
"chr11_KZ559109v1_fix"	NA	0	279644	279644
"chr11_KZ559110v1_alt"	NA	0	301637	301637
"chr11_KZ559111v1_alt"	NA	0	181167	181167
"chr11_ML143356v1_fix"	NA	0	45257	45257
"chr11_ML143357v1_fix"	NA	0	165419	165419
"chr11_ML143358v1_fix"	NA	0	270122	270122
"chr11_ML143359v1_fix"	NA	0	217075	217075
"chr11_ML143360v1_fix"	NA	0	170928	170928
"chr11_MU273368v1_alt"	NA	0	261194	261194
"chr11_MU273369v1_fix"	NA	0	434831	434831
"chr11_MU273370v1_fix"	NA	0	344606	344606
"chr11_MU273371v1_fix"	NA	0	122722	122722
"chr12"	"p"	0	35500000	35500000
"chr12"	"q"	35500000	133275309	97775309
"chr12_GL383549v1_alt"	NA	0	120804	120804
"chr12_GL383550v2_alt"	NA	0	169178	169178
"chr12_GL383551v1_alt"	NA	0	184319	184319
"chr12_GL383552v1_alt"	NA	0	138655	138655
"chr12_GL383553v2_alt"	NA	0	152874	152874
"chr12_GL877875v1_alt"	NA	0	167313	167313
"chr12_GL877876v1_alt"	NA	0	408271	408271
"chr12_KI270833v1_alt"	NA	0	76061	76061
"chr12_KI270834v1_alt"	NA	0	119498	119498
"chr12_KI270835v1_alt"	NA	0	238139	238139
"chr12_KI270836v1_alt"	NA	0	56134	56134
"chr12_KI270837v1_alt"	NA	0	40090	40090
"chr12_KI270904v1_alt"	NA	0	572349	572349
"chr12_KN196482v1_fix"	NA	0	211377	211377
"chr12_KN538369v1_fix"	NA	0	541038	541038
"chr12_KN538370v1_fix"	NA	0	86533	86533
"chr12_KQ090023v1_alt"	NA	0	109323	109323
"chr12_KQ759760v1_fix"	NA	0	315610	315610
"chr12_KZ208916v1_fix"	NA	0	1046838	1046838
"chr12_KZ208917v1_fix"	NA	0	64689	64689
"chr12_KZ208918v1_alt"	NA	0	174808	174808
"chr12_KZ559112v1_alt"	NA	0	154139	154139
"chr12_ML143361v1_fix"	NA	0	297568	297568
"chr12_ML143362v1_fix"	NA	0	192531	192531
"chr12_MU273372v1_fix"	NA	0	104537	104537
"chr13"	"p"	0	17700000	17700000
"chr13"	"q"	17700000	114364328	96664328
"chr13_KI270838v1_alt"	NA	0	306913	306913
"chr13_KI270839v1_alt"	NA	0	180306	180306
"chr13_KI270840v1_alt"	NA	0	191684	191684
"chr13_KI270841v1_alt"	NA	0	169134	169134
"chr13_KI270842v1_alt"	NA	0	37287	37287
"chr13_KI270843v1_alt"	NA	0	103832	103832
"chr13_KN196483v1_fix"	NA	0	35455	35455
"chr13_KN538371v1_fix"	NA	0	206320	206320
"chr13_KN538372v1_fix"	NA	0	356766	356766
"chr13_KN538373v1_fix"	NA	0	148762	148762
"chr13_KQ090024v1_alt"	NA	0	168146	168146
"chr13_KQ090025v1_alt"	NA	0	123480	123480
"chr13_ML143363v1_fix"	NA	0	7309	7309
"chr13_ML143364v1_fix"	NA	0	158944	158944
"chr13_ML143365v1_fix"	NA	0	65394	65394
"chr13_ML143366v1_fix"	NA	0	409912	409912
"chr14"	"p"	0	17200000	17200000
"chr14"	"q"	17200000	107043718	89843718
"chr14_GL000009v2_random"	NA	0	201709	201709
"chr14_GL000194v1_random"	NA	0	191469	191469
"chr14_GL000225v1_random"	NA	0	211173	211173
"chr14_KI270722v1_random"	NA	0	194050	194050
"chr14_KI270723v1_random"	NA	0	38115	38115
"chr14_KI270724v1_random"	NA	0	39555	39555
"chr14_KI270725v1_random"	NA	0	172810	172810
"chr14_KI270726v1_random"	NA	0	43739	43739
"chr14_KI270844v1_alt"	NA	0	322166	322166
"chr14_KI270845v1_alt"	NA	0	180703	180703
"chr14_KI270846v1_alt"	NA	0	1351393	1351393
"chr14_KI270847v1_alt"	NA	0	1511111	1511111
"chr14_KZ208919v1_alt"	NA	0	171798	171798
"chr14_KZ208920v1_fix"	NA	0	690932	690932
"chr14_ML143367v1_fix"	NA	0	399183	399183
"chr14_ML143368v1_alt"	NA	0	264228	264228
"chr14_MU273373v1_fix"	NA	0	722645	722645
"chr15"	"p"	0	1.9e+07	1.9e+07
"chr15"	"q"	1.9e+07	101991189	82991189
"chr15_GL383554v1_alt"	NA	0	296527	296527
"chr15_GL383555v2_alt"	NA	0	388773	388773
"chr15_KI270727v1_random"	NA	0	448248	448248
"chr15_KI270848v1_alt"	NA	0	327382	327382
"chr15_KI270849v1_alt"	NA	0	244917	244917
"chr15_KI270850v1_alt"	NA	0	430880	430880
"chr15_KI270851v1_alt"	NA	0	263054	263054
"chr15_KI270852v1_alt"	NA	0	478999	478999
"chr15_KI270905v1_alt"	NA	0	5161414	5161414
"chr15_KI270906v1_alt"	NA	0	196384	196384
"chr15_KN538374v1_fix"	NA	0	4998962	4998962
"chr15_KQ031389v1_alt"	NA	0	2365364	2365364
"chr15_ML143369v1_fix"	NA	0	97763	97763
"chr15_ML143370v1_fix"	NA	0	369264	369264
"chr15_ML143371v1_fix"	NA	0	5500449	5500449
"chr15_ML143372v1_fix"	NA	0	396515	396515
"chr15_MU273374v1_fix"	NA	0	1154574	1154574
"chr15_MU273375v1_alt"	NA	0	204007	204007
"chr16"	"p"	0	36800000	36800000
"chr16"	"q"	36800000	90338345	53538345
"chr16_GL383556v1_alt"	NA	0	192462	192462
"chr16_GL383557v1_alt"	NA	0	89672	89672
"chr16_KI270728v1_random"	NA	0	1872759	1872759
"chr16_KI270853v1_alt"	NA	0	2659700	2659700
"chr16_KI270854v1_alt"	NA	0	134193	134193
"chr16_KI270855v1_alt"	NA	0	232857	232857
"chr16_KI270856v1_alt"	NA	0	63982	63982
"chr16_KQ031390v1_alt"	NA	0	169136	169136
"chr16_KQ090026v1_alt"	NA	0	59016	59016
"chr16_KQ090027v1_alt"	NA	0	267463	267463
"chr16_KV880768v1_fix"	NA	0	1927115	1927115
"chr16_KZ208921v1_alt"	NA	0	78609	78609
"chr16_KZ559113v1_fix"	NA	0	480415	480415
"chr16_ML143373v1_fix"	NA	0	270967	270967
"chr16_MU273376v1_fix"	NA	0	87715	87715
"chr16_MU273377v1_fix"	NA	0	334997	334997
"chr17"	"p"	0	25100000	25100000
"chr17"	"q"	25100000	83257441	58157441
"chr17_GL000205v2_random"	NA	0	185591	185591
"chr17_GL000258v2_alt"	NA	0	1821992	1821992
"chr17_GL383563v3_alt"	NA	0	375691	375691
"chr17_GL383564v2_alt"	NA	0	133151	133151
"chr17_GL383565v1_alt"	NA	0	223995	223995
"chr17_GL383566v1_alt"	NA	0	90219	90219
"chr17_JH159146v1_alt"	NA	0	278131	278131
"chr17_JH159147v1_alt"	NA	0	70345	70345
"chr17_JH159148v1_alt"	NA	0	88070	88070
"chr17_KI270729v1_random"	NA	0	280839	280839
"chr17_KI270730v1_random"	NA	0	112551	112551
"chr17_KI270857v1_alt"	NA	0	2877074	2877074
"chr17_KI270858v1_alt"	NA	0	235827	235827
"chr17_KI270859v1_alt"	NA	0	108763	108763
"chr17_KI270860v1_alt"	NA	0	178921	178921
"chr17_KI270861v1_alt"	NA	0	196688	196688
"chr17_KI270862v1_alt"	NA	0	391357	391357
"chr17_KI270907v1_alt"	NA	0	137721	137721
"chr17_KI270908v1_alt"	NA	0	1423190	1423190
"chr17_KI270909v1_alt"	NA	0	325800	325800
"chr17_KI270910v1_alt"	NA	0	157099	157099
"chr17_KV575245v1_fix"	NA	0	154723	154723
"chr17_KV766196v1_fix"	NA	0	281919	281919
"chr17_KV766197v1_alt"	NA	0	246895	246895
"chr17_KV766198v1_alt"	NA	0	276292	276292
"chr17_KZ559114v1_alt"	NA	0	116753	116753
"chr17_ML143374v1_fix"	NA	0	137908	137908
"chr17_ML143375v1_fix"	NA	0	56695	56695
"chr17_MU273378v1_alt"	NA	0	372839	372839
"chr17_MU273379v1_fix"	NA	0	234878	234878
"chr17_MU273380v1_fix"	NA	0	538541	538541
"chr17_MU273381v1_fix"	NA	0	144689	144689
"chr17_MU273382v1_fix"	NA	0	187626	187626
"chr17_MU273383v1_fix"	NA	0	172609	172609
"chr18"	"p"	0	18500000	18500000
"chr18"	"q"	18500000	80373285	61873285
"chr18_GL383567v1_alt"	NA	0	289831	289831
"chr18_GL383568v1_alt"	NA	0	104552	104552
"chr18_GL383569v1_alt"	NA	0	167950	167950
"chr18_GL383570v1_alt"	NA	0	164789	164789
"chr18_GL383571v1_alt"	NA	0	198278	198278
"chr18_GL383572v1_alt"	NA	0	159547	159547
"chr18_KI270863v1_alt"	NA	0	167999	167999
"chr18_KI270864v1_alt"	NA	0	111737	111737
"chr18_KI270911v1_alt"	NA	0	157710	157710
"chr18_KI270912v1_alt"	NA	0	174061	174061
"chr18_KQ090028v1_fix"	NA	0	407387	407387
"chr18_KQ458385v1_alt"	NA	0	205101	205101
"chr18_KZ208922v1_fix"	NA	0	93070	93070
"chr18_KZ559115v1_fix"	NA	0	230843	230843
"chr18_KZ559116v1_alt"	NA	0	163186	163186
"chr19"	"p"	0	26200000	26200000
"chr19"	"q"	26200000	58617616	32417616
"chr19_GL000209v2_alt"	NA	0	177381	177381
"chr19_GL383573v1_alt"	NA	0	385657	385657
"chr19_GL383574v1_alt"	NA	0	155864	155864
"chr19_GL383575v2_alt"	NA	0	170222	170222
"chr19_GL383576v1_alt"	NA	0	188024	188024
"chr19_GL949746v1_alt"	NA	0	987716	987716
"chr19_GL949747v2_alt"	NA	0	729520	729520
"chr19_GL949748v2_alt"	NA	0	1064304	1064304
"chr19_GL949749v2_alt"	NA	0	1091841	1091841
"chr19_GL949750v2_alt"	NA	0	1066390	1066390
"chr19_GL949751v2_alt"	NA	0	1002683	1002683
"chr19_GL949752v1_alt"	NA	0	987100	987100
"chr19_GL949753v2_alt"	NA	0	796479	796479
"chr19_KI270865v1_alt"	NA	0	52969	52969
"chr19_KI270866v1_alt"	NA	0	43156	43156
"chr19_KI270867v1_alt"	NA	0	233762	233762
"chr19_KI270868v1_alt"	NA	0	61734	61734
"chr19_KI270882v1_alt"	NA	0	248807	248807
"chr19_KI270883v1_alt"	NA	0	170399	170399
"chr19_KI270884v1_alt"	NA	0	157053	157053
"chr19_KI270885v1_alt"	NA	0	171027	171027
"chr19_KI270886v1_alt"	NA	0	204239	204239
"chr19_KI270887v1_alt"	NA	0	209512	209512
"chr19_KI270888v1_alt"	NA	0	155532	155532
"chr19_KI270889v1_alt"	NA	0	170698	170698
"chr19_KI270890v1_alt"	NA	0	184499	184499
"chr19_KI270891v1_alt"	NA	0	170680	170680
"chr19_KI270914v1_alt"	NA	0	205194	205194
"chr19_KI270915v1_alt"	NA	0	170665	170665
"chr19_KI270916v1_alt"	NA	0	184516	184516
"chr19_KI270917v1_alt"	NA	0	190932	190932
"chr19_KI270918v1_alt"	NA	0	123111	123111
"chr19_KI270919v1_alt"	NA	0	170701	170701
"chr19_KI270920v1_alt"	NA	0	198005	198005
"chr19_KI270921v1_alt"	NA	0	282224	282224
"chr19_KI270922v1_alt"	NA	0	187935	187935
"chr19_KI270923v1_alt"	NA	0	189352	189352
"chr19_KI270929v1_alt"	NA	0	186203	186203
"chr19_KI270930v1_alt"	NA	0	200773	200773
"chr19_KI270931v1_alt"	NA	0	170148	170148
"chr19_KI270932v1_alt"	NA	0	215732	215732
"chr19_KI270933v1_alt"	NA	0	170537	170537
"chr19_KI270938v1_alt"	NA	0	1066800	1066800
"chr19_KN196484v1_fix"	NA	0	370917	370917
"chr19_KQ458386v1_fix"	NA	0	405389	405389
"chr19_KV575246v1_alt"	NA	0	163926	163926
"chr19_KV575247v1_alt"	NA	0	170206	170206
"chr19_KV575248v1_alt"	NA	0	168131	168131
"chr19_KV575249v1_alt"	NA	0	293522	293522
"chr19_KV575250v1_alt"	NA	0	241058	241058
"chr19_KV575251v1_alt"	NA	0	159285	159285
"chr19_KV575252v1_alt"	NA	0	178197	178197
"chr19_KV575253v1_alt"	NA	0	166713	166713
"chr19_KV575254v1_alt"	NA	0	99845	99845
"chr19_KV575255v1_alt"	NA	0	161095	161095
"chr19_KV575256v1_alt"	NA	0	223118	223118
"chr19_KV575257v1_alt"	NA	0	100553	100553
"chr19_KV575258v1_alt"	NA	0	156965	156965
"chr19_KV575259v1_alt"	NA	0	171263	171263
"chr19_KV575260v1_alt"	NA	0	145691	145691
"chr19_ML143376v1_fix"	NA	0	493165	493165
"chr19_MU273384v1_fix"	NA	0	333754	333754
"chr19_MU273385v1_fix"	NA	0	137818	137818
"chr19_MU273386v1_fix"	NA	0	226166	226166
"chr19_MU273387v1_alt"	NA	0	89211	89211
"chr1_GL383518v1_alt"	NA	0	182439	182439
"chr1_GL383519v1_alt"	NA	0	110268	110268
"chr1_GL383520v2_alt"	NA	0	366580	366580
"chr1_KI270706v1_random"	NA	0	175055	175055
"chr1_KI270707v1_random"	NA	0	32032	32032
"chr1_KI270708v1_random"	NA	0	127682	127682
"chr1_KI270709v1_random"	NA	0	66860	66860
"chr1_KI270710v1_random"	NA	0	40176	40176
"chr1_KI270711v1_random"	NA	0	42210	42210
"chr1_KI270712v1_random"	NA	0	176043	176043
"chr1_KI270713v1_random"	NA	0	40745	40745
"chr1_KI270714v1_random"	NA	0	41717	41717
"chr1_KI270759v1_alt"	NA	0	425601	425601
"chr1_KI270760v1_alt"	NA	0	109528	109528
"chr1_KI270761v1_alt"	NA	0	165834	165834
"chr1_KI270762v1_alt"	NA	0	354444	354444
"chr1_KI270763v1_alt"	NA	0	911658	911658
"chr1_KI270764v1_alt"	NA	0	50258	50258
"chr1_KI270765v1_alt"	NA	0	185285	185285
"chr1_KI270766v1_alt"	NA	0	256271	256271
"chr1_KI270892v1_alt"	NA	0	162212	162212
"chr1_KN196472v1_fix"	NA	0	186494	186494
"chr1_KN196473v1_fix"	NA	0	166200	166200
"chr1_KN196474v1_fix"	NA	0	122022	122022
"chr1_KN538360v1_fix"	NA	0	460100	460100
"chr1_KN538361v1_fix"	NA	0	305542	305542
"chr1_KQ031383v1_fix"	NA	0	467143	467143
"chr1_KQ458382v1_alt"	NA	0	141019	141019
"chr1_KQ458383v1_alt"	NA	0	349938	349938
"chr1_KQ458384v1_alt"	NA	0	212205	212205
"chr1_KQ983255v1_alt"	NA	0	278659	278659
"chr1_KV880763v1_alt"	NA	0	551020	551020
"chr1_KZ208904v1_alt"	NA	0	166136	166136
"chr1_KZ208905v1_alt"	NA	0	140355	140355
"chr1_KZ208906v1_fix"	NA	0	330031	330031
"chr1_KZ559100v1_fix"	NA	0	44955	44955
"chr1_MU273330v1_alt"	NA	0	516764	516764
"chr1_MU273331v1_alt"	NA	0	847441	847441
"chr1_MU273332v1_alt"	NA	0	335159	335159
"chr1_MU273333v1_fix"	NA	0	1572686	1572686
"chr1_MU273334v1_fix"	NA	0	210426	210426
"chr1_MU273335v1_fix"	NA	0	211934	211934
"chr1_MU273336v1_fix"	NA	0	250447	250447
"chr2"	"p"	0	93900000	93900000
"chr2"	"q"	93900000	242193529	148293529
"chr20"	"p"	0	28100000	28100000
"chr20"	"q"	28100000	64444167	36344167
"chr20_GL383577v2_alt"	NA	0	128386	128386
"chr20_KI270869v1_alt"	NA	0	118774	118774
"chr20_KI270870v1_alt"	NA	0	183433	183433
"chr20_KI270871v1_alt"	NA	0	58661	58661
"chr20_MU273388v1_fix"	NA	0	273725	273725
"chr20_MU273389v1_fix"	NA	0	355731	355731
"chr21"	"p"	0	1.2e+07	1.2e+07
"chr21"	"q"	1.2e+07	46709983	34709983
"chr21_GL383578v2_alt"	NA	0	63917	63917
"chr21_GL383579v2_alt"	NA	0	201197	201197
"chr21_GL383580v2_alt"	NA	0	74653	74653
"chr21_GL383581v2_alt"	NA	0	116689	116689
"chr21_KI270872v1_alt"	NA	0	82692	82692
"chr21_KI270873v1_alt"	NA	0	143900	143900
"chr21_KI270874v1_alt"	NA	0	166743	166743
"chr21_ML143377v1_fix"	NA	0	519485	519485
"chr21_MU273390v1_fix"	NA	0	336752	336752
"chr21_MU273391v1_fix"	NA	0	1020778	1020778
"chr21_MU273392v1_fix"	NA	0	189707	189707
"chr22"	"p"	0	1.5e+07	1.5e+07
"chr22"	"q"	1.5e+07	50818468	35818468
"chr22_GL383582v2_alt"	NA	0	162811	162811
"chr22_GL383583v2_alt"	NA	0	96924	96924
"chr22_KB663609v1_alt"	NA	0	74013	74013
"chr22_KI270731v1_random"	NA	0	150754	150754
"chr22_KI270732v1_random"	NA	0	41543	41543
"chr22_KI270733v1_random"	NA	0	179772	179772
"chr22_KI270734v1_random"	NA	0	165050	165050
"chr22_KI270735v1_random"	NA	0	42811	42811
"chr22_KI270736v1_random"	NA	0	181920	181920
"chr22_KI270737v1_random"	NA	0	103838	103838
"chr22_KI270738v1_random"	NA	0	99375	99375
"chr22_KI270739v1_random"	NA	0	73985	73985
"chr22_KI270875v1_alt"	NA	0	259914	259914
"chr22_KI270876v1_alt"	NA	0	263666	263666
"chr22_KI270877v1_alt"	NA	0	101331	101331
"chr22_KI270878v1_alt"	NA	0	186262	186262
"chr22_KI270879v1_alt"	NA	0	304135	304135
"chr22_KI270928v1_alt"	NA	0	176103	176103
"chr22_KN196485v1_alt"	NA	0	156562	156562
"chr22_KN196486v1_alt"	NA	0	153027	153027
"chr22_KQ458387v1_alt"	NA	0	155930	155930
"chr22_KQ458388v1_alt"	NA	0	174749	174749
"chr22_KQ759761v1_alt"	NA	0	145162	145162
"chr22_KQ759762v1_fix"	NA	0	101037	101037
"chr22_KQ759762v2_fix"	NA	0	101040	101040
"chr22_ML143378v1_fix"	NA	0	461303	461303
"chr22_ML143379v1_fix"	NA	0	12295	12295
"chr22_ML143380v1_fix"	NA	0	412368	412368
"chr2_GL383521v1_alt"	NA	0	143390	143390
"chr2_GL383522v1_alt"	NA	0	123821	123821
"chr2_GL582966v2_alt"	NA	0	96131	96131
"chr2_KI270715v1_random"	NA	0	161471	161471
"chr2_KI270716v1_random"	NA	0	153799	153799
"chr2_KI270767v1_alt"	NA	0	161578	161578
"chr2_KI270768v1_alt"	NA	0	110099	110099
"chr2_KI270769v1_alt"	NA	0	120616	120616
"chr2_KI270770v1_alt"	NA	0	136240	136240
"chr2_KI270771v1_alt"	NA	0	110395	110395
"chr2_KI270772v1_alt"	NA	0	133041	133041
"chr2_KI270773v1_alt"	NA	0	70887	70887
"chr2_KI270774v1_alt"	NA	0	223625	223625
"chr2_KI270775v1_alt"	NA	0	138019	138019
"chr2_KI270776v1_alt"	NA	0	174166	174166
"chr2_KI270893v1_alt"	NA	0	161218	161218
"chr2_KI270894v1_alt"	NA	0	214158	214158
"chr2_KN538362v1_fix"	NA	0	208149	208149
"chr2_KN538363v1_fix"	NA	0	365499	365499
"chr2_KQ031384v1_fix"	NA	0	481245	481245
"chr2_KQ983256v1_alt"	NA	0	535088	535088
"chr2_KZ208907v1_alt"	NA	0	181658	181658
"chr2_KZ208908v1_alt"	NA	0	140361	140361
"chr2_ML143341v1_fix"	NA	0	145975	145975
"chr2_ML143342v1_fix"	NA	0	84043	84043
"chr2_MU273337v1_alt"	NA	0	431782	431782
"chr2_MU273338v1_alt"	NA	0	535251	535251
"chr2_MU273339v1_alt"	NA	0	500581	500581
"chr2_MU273340v1_alt"	NA	0	284971	284971
"chr2_MU273341v1_fix"	NA	0	120381	120381
"chr2_MU273342v1_fix"	NA	0	955087	955087
"chr2_MU273343v1_fix"	NA	0	489404	489404
"chr2_MU273344v1_fix"	NA	0	244725	244725
"chr2_MU273345v1_fix"	NA	0	174385	174385
"chr3"	"p"	0	90900000	90900000
"chr3"	"q"	90900000	198295559	107395559
"chr3_GL000221v1_random"	NA	0	155397	155397
"chr3_GL383526v1_alt"	NA	0	180671	180671
"chr3_JH636055v2_alt"	NA	0	173151	173151
"chr3_KI270777v1_alt"	NA	0	173649	173649
"chr3_KI270778v1_alt"	NA	0	248252	248252
"chr3_KI270779v1_alt"	NA	0	205312	205312
"chr3_KI270780v1_alt"	NA	0	224108	224108
"chr3_KI270781v1_alt"	NA	0	113034	113034
"chr3_KI270782v1_alt"	NA	0	162429	162429
"chr3_KI270783v1_alt"	NA	0	109187	109187
"chr3_KI270784v1_alt"	NA	0	184404	184404
"chr3_KI270895v1_alt"	NA	0	162896	162896
"chr3_KI270924v1_alt"	NA	0	166540	166540
"chr3_KI270934v1_alt"	NA	0	163458	163458
"chr3_KI270935v1_alt"	NA	0	197351	197351
"chr3_KI270936v1_alt"	NA	0	164170	164170
"chr3_KI270937v1_alt"	NA	0	165607	165607
"chr3_KN196475v1_fix"	NA	0	451168	451168
"chr3_KN196476v1_fix"	NA	0	305979	305979
"chr3_KN538364v1_fix"	NA	0	415308	415308
"chr3_KQ031385v1_fix"	NA	0	373699	373699
"chr3_KQ031386v1_fix"	NA	0	165718	165718
"chr3_KV766192v1_fix"	NA	0	411654	411654
"chr3_KZ208909v1_alt"	NA	0	175849	175849
"chr3_KZ559101v1_alt"	NA	0	164041	164041
"chr3_KZ559102v1_alt"	NA	0	197752	197752
"chr3_KZ559103v1_alt"	NA	0	302885	302885
"chr3_KZ559104v1_fix"	NA	0	105527	105527
"chr3_KZ559105v1_alt"	NA	0	195063	195063
"chr3_ML143343v1_alt"	NA	0	215443	215443
"chr3_MU273346v1_fix"	NA	0	469342	469342
"chr3_MU273347v1_fix"	NA	0	301310	301310
"chr3_MU273348v1_fix"	NA	0	475876	475876
"chr4"	"p"	0	5e+07	5e+07
"chr4"	"q"	5e+07	190214555	140214555
"chr4_GL000008v2_random"	NA	0	209709	209709
"chr4_GL000257v2_alt"	NA	0	586476	586476
"chr4_GL383527v1_alt"	NA	0	164536	164536
"chr4_GL383528v1_alt"	NA	0	376187	376187
"chr4_KI270785v1_alt"	NA	0	119912	119912
"chr4_KI270786v1_alt"	NA	0	244096	244096
"chr4_KI270787v1_alt"	NA	0	111943	111943
"chr4_KI270788v1_alt"	NA	0	158965	158965
"chr4_KI270789v1_alt"	NA	0	205944	205944
"chr4_KI270790v1_alt"	NA	0	220246	220246
"chr4_KI270896v1_alt"	NA	0	378547	378547
"chr4_KI270925v1_alt"	NA	0	555799	555799
"chr4_KQ090013v1_alt"	NA	0	90922	90922
"chr4_KQ090014v1_alt"	NA	0	163749	163749
"chr4_KQ090015v1_alt"	NA	0	236512	236512
"chr4_KQ983257v1_fix"	NA	0	230434	230434
"chr4_KQ983258v1_alt"	NA	0	205407	205407
"chr4_KV766193v1_alt"	NA	0	420675	420675
"chr4_ML143344v1_fix"	NA	0	235734	235734
"chr4_ML143345v1_fix"	NA	0	341066	341066
"chr4_ML143346v1_fix"	NA	0	53476	53476
"chr4_ML143347v1_fix"	NA	0	176674	176674
"chr4_ML143348v1_fix"	NA	0	125549	125549
"chr4_ML143349v1_fix"	NA	0	276109	276109
"chr4_MU273349v1_alt"	NA	0	308682	308682
"chr4_MU273350v1_fix"	NA	0	113364	113364
"chr4_MU273351v1_fix"	NA	0	205691	205691
"chr5"	"p"	0	48800000	48800000
"chr5"	"q"	48800000	181538259	132738259
"chr5_GL000208v1_random"	NA	0	92689	92689
"chr5_GL339449v2_alt"	NA	0	1612928	1612928
"chr5_GL383530v1_alt"	NA	0	101241	101241
"chr5_GL383531v1_alt"	NA	0	173459	173459
"chr5_GL383532v1_alt"	NA	0	82728	82728
"chr5_GL949742v1_alt"	NA	0	226852	226852
"chr5_KI270791v1_alt"	NA	0	195710	195710
"chr5_KI270792v1_alt"	NA	0	179043	179043
"chr5_KI270793v1_alt"	NA	0	126136	126136
"chr5_KI270794v1_alt"	NA	0	164558	164558
"chr5_KI270795v1_alt"	NA	0	131892	131892
"chr5_KI270796v1_alt"	NA	0	172708	172708
"chr5_KI270897v1_alt"	NA	0	1144418	1144418
"chr5_KI270898v1_alt"	NA	0	130957	130957
"chr5_KN196477v1_alt"	NA	0	139087	139087
"chr5_KV575243v1_alt"	NA	0	362221	362221
"chr5_KV575244v1_fix"	NA	0	673059	673059
"chr5_KZ208910v1_alt"	NA	0	135987	135987
"chr5_ML143350v1_fix"	NA	0	89956	89956
"chr5_MU273352v1_fix"	NA	0	34400	34400
"chr5_MU273353v1_fix"	NA	0	208405	208405
"chr5_MU273354v1_fix"	NA	0	2101585	2101585
"chr5_MU273355v1_fix"	NA	0	508332	508332
"chr5_MU273356v1_alt"	NA	0	302485	302485
"chr6"	"p"	0	59800000	59800000
"chr6"	"q"	59800000	170805979	111005979
"chr6_GL000250v2_alt"	NA	0	4672374	4672374
"chr6_GL000251v2_alt"	NA	0	4795265	4795265
"chr6_GL000252v2_alt"	NA	0	4604811	4604811
"chr6_GL000253v2_alt"	NA	0	4677643	4677643
"chr6_GL000254v2_alt"	NA	0	4827813	4827813
"chr6_GL000255v2_alt"	NA	0	4606388	4606388
"chr6_GL000256v2_alt"	NA	0	4929269	4929269
"chr6_GL383533v1_alt"	NA	0	124736	124736
"chr6_KB021644v2_alt"	NA	0	185823	185823
"chr6_KI270758v1_alt"	NA	0	76752	76752
"chr6_KI270797v1_alt"	NA	0	197536	197536
"chr6_KI270798v1_alt"	NA	0	271782	271782
"chr6_KI270799v1_alt"	NA	0	152148	152148
"chr6_KI270800v1_alt"	NA	0	175808	175808
"chr6_KI270801v1_alt"	NA	0	870480	870480
"chr6_KI270802v1_alt"	NA	0	75005	75005
"chr6_KN196478v1_fix"	NA	0	268330	268330
"chr6_KQ031387v1_fix"	NA	0	320750	320750
"chr6_KQ090016v1_fix"	NA	0	245716	245716
"chr6_KQ090017v1_alt"	NA	0	82315	82315
"chr6_KV766194v1_fix"	NA	0	139427	139427
"chr6_KZ208911v1_fix"	NA	0	242796	242796
"chr6_ML143351v1_fix"	NA	0	73265	73265
"chr6_MU273357v1_alt"	NA	0	383128	383128
"chr7"	"p"	0	60100000	60100000
"chr7"	"q"	60100000	159345973	99245973
"chr7_GL383534v2_alt"	NA	0	119183	119183
"chr7_KI270803v1_alt"	NA	0	1111570	1111570
"chr7_KI270804v1_alt"	NA	0	157952	157952
"chr7_KI270805v1_alt"	NA	0	209988	209988
"chr7_KI270806v1_alt"	NA	0	158166	158166
"chr7_KI270807v1_alt"	NA	0	126434	126434
"chr7_KI270808v1_alt"	NA	0	271455	271455
"chr7_KI270809v1_alt"	NA	0	209586	209586
"chr7_KI270899v1_alt"	NA	0	190869	190869
"chr7_KQ031388v1_fix"	NA	0	179932	179932
"chr7_KV880764v1_fix"	NA	0	142129	142129
"chr7_KV880765v1_fix"	NA	0	468267	468267
"chr7_KZ208912v1_fix"	NA	0	589656	589656
"chr7_KZ208913v1_alt"	NA	0	680662	680662
"chr7_KZ559106v1_alt"	NA	0	172555	172555
"chr7_ML143352v1_fix"	NA	0	254759	254759
"chr7_MU273358v1_alt"	NA	0	464417	464417
"chr8"	"p"	0	45200000	45200000
"chr8"	"q"	45200000	145138636	99938636
"chr8_KI270810v1_alt"	NA	0	374415	374415
"chr8_KI270811v1_alt"	NA	0	292436	292436
"chr8_KI270812v1_alt"	NA	0	282736	282736
"chr8_KI270813v1_alt"	NA	0	300230	300230
"chr8_KI270814v1_alt"	NA	0	141812	141812
"chr8_KI270815v1_alt"	NA	0	132244	132244
"chr8_KI270816v1_alt"	NA	0	305841	305841
"chr8_KI270817v1_alt"	NA	0	158983	158983
"chr8_KI270818v1_alt"	NA	0	145606	145606
"chr8_KI270819v1_alt"	NA	0	133535	133535
"chr8_KI270820v1_alt"	NA	0	36640	36640
"chr8_KI270821v1_alt"	NA	0	985506	985506
"chr8_KI270822v1_alt"	NA	0	624492	624492
"chr8_KI270900v1_alt"	NA	0	318687	318687
"chr8_KI270901v1_alt"	NA	0	136959	136959
"chr8_KI270926v1_alt"	NA	0	229282	229282
"chr8_KV880766v1_fix"	NA	0	156998	156998
"chr8_KV880767v1_fix"	NA	0	265876	265876
"chr8_KZ208914v1_fix"	NA	0	165120	165120
"chr8_KZ208915v1_fix"	NA	0	6367528	6367528
"chr8_KZ559107v1_alt"	NA	0	103072	103072
"chr8_MU273359v1_fix"	NA	0	150302	150302
"chr8_MU273360v1_fix"	NA	0	39290	39290
"chr8_MU273361v1_fix"	NA	0	106905	106905
"chr8_MU273362v1_fix"	NA	0	429744	429744
"chr8_MU273363v1_fix"	NA	0	207371	207371
"chr9"	"p"	0	4.3e+07	4.3e+07
"chr9"	"q"	4.3e+07	138394717	95394717
"chr9_GL383539v1_alt"	NA	0	162988	162988
"chr9_GL383540v1_alt"	NA	0	71551	71551
"chr9_GL383541v1_alt"	NA	0	171286	171286
"chr9_GL383542v1_alt"	NA	0	60032	60032
"chr9_KI270717v1_random"	NA	0	40062	40062
"chr9_KI270718v1_random"	NA	0	38054	38054
"chr9_KI270719v1_random"	NA	0	176845	176845
"chr9_KI270720v1_random"	NA	0	39050	39050
"chr9_KI270823v1_alt"	NA	0	439082	439082
"chr9_KN196479v1_fix"	NA	0	330164	330164
"chr9_KQ090018v1_alt"	NA	0	163882	163882
"chr9_KQ090019v1_alt"	NA	0	134099	134099
"chr9_ML143353v1_fix"	NA	0	25408	25408
"chr9_MU273364v1_fix"	NA	0	340717	340717
"chr9_MU273365v1_fix"	NA	0	482250	482250
"chr9_MU273366v1_fix"	NA	0	569668	569668
"chrM"	NA	0	16569	16569
"chrUn_GL000195v1"	NA	0	182896	182896
"chrUn_GL000213v1"	NA	0	164239	164239
"chrUn_GL000214v1"	NA	0	137718	137718
"chrUn_GL000216v2"	NA	0	176608	176608
"chrUn_GL000218v1"	NA	0	161147	161147
"chrUn_GL000219v1"	NA	0	179198	179198
"chrUn_GL000220v1"	NA	0	161802	161802
"chrUn_GL000224v1"	NA	0	179693	179693
"chrUn_GL000226v1"	NA	0	15008	15008
"chrUn_KI270302v1"	NA	0	2274	2274
"chrUn_KI270303v1"	NA	0	1942	1942
"chrUn_KI270304v1"	NA	0	2165	2165
"chrUn_KI270305v1"	NA	0	1472	1472
"chrUn_KI270310v1"	NA	0	1201	1201
"chrUn_KI270311v1"	NA	0	12399	12399
"chrUn_KI270312v1"	NA	0	998	998
"chrUn_KI270315v1"	NA	0	2276	2276
"chrUn_KI270316v1"	NA	0	1444	1444
"chrUn_KI270317v1"	NA	0	37690	37690
"chrUn_KI270320v1"	NA	0	4416	4416
"chrUn_KI270322v1"	NA	0	21476	21476
"chrUn_KI270329v1"	NA	0	1040	1040
"chrUn_KI270330v1"	NA	0	1652	1652
"chrUn_KI270333v1"	NA	0	2699	2699
"chrUn_KI270334v1"	NA	0	1368	1368
"chrUn_KI270335v1"	NA	0	1048	1048
"chrUn_KI270336v1"	NA	0	1026	1026
"chrUn_KI270337v1"	NA	0	1121	1121
"chrUn_KI270338v1"	NA	0	1428	1428
"chrUn_KI270340v1"	NA	0	1428	1428
"chrUn_KI270362v1"	NA	0	3530	3530
"chrUn_KI270363v1"	NA	0	1803	1803
"chrUn_KI270364v1"	NA	0	2855	2855
"chrUn_KI270366v1"	NA	0	8320	8320
"chrUn_KI270371v1"	NA	0	2805	2805
"chrUn_KI270372v1"	NA	0	1650	1650
"chrUn_KI270373v1"	NA	0	1451	1451
"chrUn_KI270374v1"	NA	0	2656	2656
"chrUn_KI270375v1"	NA	0	2378	2378
"chrUn_KI270376v1"	NA	0	1136	1136
"chrUn_KI270378v1"	NA	0	1048	1048
"chrUn_KI270379v1"	NA	0	1045	1045
"chrUn_KI270381v1"	NA	0	1930	1930
"chrUn_KI270382v1"	NA	0	4215	4215
"chrUn_KI270383v1"	NA	0	1750	1750
"chrUn_KI270384v1"	NA	0	1658	1658
"chrUn_KI270385v1"	NA	0	990	990
"chrUn_KI270386v1"	NA	0	1788	1788
"chrUn_KI270387v1"	NA	0	1537	1537
"chrUn_KI270388v1"	NA	0	1216	1216
"chrUn_KI270389v1"	NA	0	1298	1298
"chrUn_KI270390v1"	NA	0	2387	2387
"chrUn_KI270391v1"	NA	0	1484	1484
"chrUn_KI270392v1"	NA	0	971	971
"chrUn_KI270393v1"	NA	0	1308	1308
"chrUn_KI270394v1"	NA	0	970	970
"chrUn_KI270395v1"	NA	0	1143	1143
"chrUn_KI270396v1"	NA	0	1880	1880
"chrUn_KI270411v1"	NA	0	2646	2646
"chrUn_KI270412v1"	NA	0	1179	1179
"chrUn_KI270414v1"	NA	0	2489	2489
"chrUn_KI270417v1"	NA	0	2043	2043
"chrUn_KI270418v1"	NA	0	2145	2145
"chrUn_KI270419v1"	NA	0	1029	1029
"chrUn_KI270420v1"	NA	0	2321	2321
"chrUn_KI270422v1"	NA	0	1445	1445
"chrUn_KI270423v1"	NA	0	981	981
"chrUn_KI270424v1"	NA	0	2140	2140
"chrUn_KI270425v1"	NA	0	1884	1884
"chrUn_KI270429v1"	NA	0	1361	1361
"chrUn_KI270435v1"	NA	0	92983	92983
"chrUn_KI270438v1"	NA	0	112505	112505
"chrUn_KI270442v1"	NA	0	392061	392061
"chrUn_KI270448v1"	NA	0	7992	7992
"chrUn_KI270465v1"	NA	0	1774	1774
"chrUn_KI270466v1"	NA	0	1233	1233
"chrUn_KI270467v1"	NA	0	3920	3920
"chrUn_KI270468v1"	NA	0	4055	4055
"chrUn_KI270507v1"	NA	0	5353	5353
"chrUn_KI270508v1"	NA	0	1951	1951
"chrUn_KI270509v1"	NA	0	2318	2318
"chrUn_KI270510v1"	NA	0	2415	2415
"chrUn_KI270511v1"	NA	0	8127	8127
"chrUn_KI270512v1"	NA	0	22689	22689
"chrUn_KI270515v1"	NA	0	6361	6361
"chrUn_KI270516v1"	NA	0	1300	1300
"chrUn_KI270517v1"	NA	0	3253	3253
"chrUn_KI270518v1"	NA	0	2186	2186
"chrUn_KI270519v1"	NA	0	138126	138126
"chrUn_KI270521v1"	NA	0	7642	7642
"chrUn_KI270522v1"	NA	0	5674	5674
"chrUn_KI270528v1"	NA	0	2983	2983
"chrUn_KI270529v1"	NA	0	1899	1899
"chrUn_KI270530v1"	NA	0	2168	2168
"chrUn_KI270538v1"	NA	0	91309	91309
"chrUn_KI270539v1"	NA	0	993	993
"chrUn_KI270544v1"	NA	0	1202	1202
"chrUn_KI270548v1"	NA	0	1599	1599
"chrUn_KI270579v1"	NA	0	31033	31033
"chrUn_KI270580v1"	NA	0	1553	1553
"chrUn_KI270581v1"	NA	0	7046	7046
"chrUn_KI270582v1"	NA	0	6504	6504
"chrUn_KI270583v1"	NA	0	1400	1400
"chrUn_KI270584v1"	NA	0	4513	4513
"chrUn_KI270587v1"	NA	0	2969	2969
"chrUn_KI270588v1"	NA	0	6158	6158
"chrUn_KI270589v1"	NA	0	44474	44474
"chrUn_KI270590v1"	NA	0	4685	4685
"chrUn_KI270591v1"	NA	0	5796	5796
"chrUn_KI270593v1"	NA	0	3041	3041
"chrUn_KI270741v1"	NA	0	157432	157432
"chrUn_KI270742v1"	NA	0	186739	186739
"chrUn_KI270743v1"	NA	0	210658	210658
"chrUn_KI270744v1"	NA	0	168472	168472
"chrUn_KI270745v1"	NA	0	41891	41891
"chrUn_KI270746v1"	NA	0	66486	66486
"chrUn_KI270747v1"	NA	0	198735	198735
"chrUn_KI270748v1"	NA	0	93321	93321
"chrUn_KI270749v1"	NA	0	158759	158759
"chrUn_KI270750v1"	NA	0	148850	148850
"chrUn_KI270751v1"	NA	0	150742	150742
"chrUn_KI270752v1"	NA	0	27745	27745
"chrUn_KI270753v1"	NA	0	62944	62944
"chrUn_KI270754v1"	NA	0	40191	40191
"chrUn_KI270755v1"	NA	0	36723	36723
"chrUn_KI270756v1"	NA	0	79590	79590
"chrUn_KI270757v1"	NA	0	71251	71251
"chrX"	"p"	0	6.1e+07	6.1e+07
"chrX"	"q"	6.1e+07	156040895	95040895
"chrX_KI270880v1_alt"	NA	0	284869	284869
"chrX_KI270881v1_alt"	NA	0	144206	144206
"chrX_KI270913v1_alt"	NA	0	274009	274009
"chrX_KV766199v1_alt"	NA	0	188004	188004
"chrX_ML143381v1_fix"	NA	0	403128	403128
"chrX_ML143382v1_fix"	NA	0	28824	28824
"chrX_ML143383v1_fix"	NA	0	68192	68192
"chrX_ML143384v1_fix"	NA	0	14678	14678
"chrX_ML143385v1_fix"	NA	0	17435	17435
"chrX_MU273393v1_fix"	NA	0	68810	68810
"chrX_MU273394v1_fix"	NA	0	140567	140567
"chrX_MU273395v1_alt"	NA	0	619716	619716
"chrX_MU273396v1_alt"	NA	0	294119	294119
"chrX_MU273397v1_alt"	NA	0	330493	330493
"chrY"	"p"	0	10400000	10400000
"chrY"	"q"	10400000	57227415	46827415
"chrY_KI270740v1_random"	NA	0	37240	37240
"chrY_KN196487v1_fix"	NA	0	101150	101150
"chrY_KZ208923v1_fix"	NA	0	48370	48370
"chrY_KZ208924v1_fix"	NA	0	209722	209722
"chrY_MU273398v1_fix"	NA	0	865743	865743
